status,data_path,timeframe,rsi_length,bb_length,bb_mult,n_windows,mean_IS_sharpe,mean_OOS_sharpe,degradation_ratio,robust,chained_OOS_sharpe,chained_OOS_benchmark_sharpe,chained_OOS_excess_sharpe,chained_OOS_CAGR,chained_OOS_maxdd,n_low_confidence,has_edge
success,data/raw/fourhours/USA500IDXUSD240_comma.csv,4H,14,200,1.5,19,0.412,0.342,0.829,True,0.413,-1.15,1.563,6.04,-34.34,19,True
success,data/raw/daily/USA500IDXUSD1440_comma.csv,1D,6,100,1.5,20,-0.028,-0.192,6.755,False,0.017,-1.094,1.111,-1.29,-47.17,20,True
success,data/raw/daily/USA500IDXUSD1440_comma.csv,1D,14,200,2.5,20,,0.08,,False,,-1.41,,0.0,0.0,20,False
success,data/raw/daily/USATECHIDXUSD1440_comma.csv,1D,6,50,1.5,20,-0.111,-0.036,0.327,False,0.02,-0.956,0.976,-2.05,-54.73,20,True
success,data/raw/daily/USATECHIDXUSD1440_comma.csv,1D,6,100,2.0,20,-0.313,-0.115,0.367,False,-0.126,-0.811,0.685,-5.23,-70.48,20,True
success,data/raw/daily/USA500IDXUSD1440_comma.csv,1D,6,50,1.5,20,0.072,-0.179,-2.477,False,-0.098,-0.732,0.634,-3.3,-57.93,20,True
success,data/raw/daily/USA30IDXUSD1440_comma.csv,1D,6,50,1.5,24,0.441,0.204,0.463,False,0.191,-0.429,0.62,1.85,-40.21,24,True
success,data/raw/daily/USATECHIDXUSD1440_comma.csv,1D,6,100,1.5,20,-0.387,-0.482,1.245,False,-0.367,-0.908,0.541,-10.18,-77.13,20,True
success,data/raw/daily/USA500IDXUSD1440_comma.csv,1D,14,100,1.5,20,0.253,0.334,1.321,True,0.344,-0.166,0.511,4.67,-34.51,20,True
success,data/raw/daily/USA500IDXUSD1440_comma.csv,1D,6,100,2.0,20,0.241,0.46,1.911,True,0.388,-0.115,0.503,5.48,-39.13,20,True
success,data/raw/daily/USA500IDXUSD1440_comma.csv,1D,14,200,1.5,20,-0.018,-0.3,16.47,False,-0.179,-0.674,0.496,-4.7,-48.27,20,True
success,data/raw/daily/USA500IDXUSD1440_comma.csv,1D,6,200,2.0,20,0.367,0.362,0.985,True,0.483,0.021,0.461,7.3,-37.3,20,True
success,data/raw/daily/USA30IDXUSD1440_comma.csv,1D,6,200,1.5,24,-0.311,-0.563,1.809,False,-0.181,-0.6,0.419,-4.5,-58.48,24,True
success,data/raw/daily/USATECHIDXUSD1440_comma.csv,1D,6,50,2.0,20,0.281,0.507,1.805,True,0.466,0.081,0.386,8.22,-51.23,20,True
success,data/raw/daily/USA30IDXUSD1440_comma.csv,1D,14,100,1.5,24,-0.14,-0.37,2.648,False,-0.096,-0.469,0.373,-3.09,-51.05,24,True
success,data/raw/daily/USA500IDXUSD1440_comma.csv,1D,6,200,1.5,20,-0.489,-0.857,1.753,False,-0.588,-0.948,0.359,-11.45,-74.66,20,True
success,data/raw/daily/USA30IDXUSD1440_comma.csv,1D,6,100,1.5,24,-0.184,-0.423,2.301,False,-0.201,-0.512,0.311,-4.83,-57.37,24,True
success,data/raw/daily/USA30IDXUSD1440_comma.csv,1D,6,100,2.0,24,0.334,0.557,1.669,True,0.392,0.107,0.286,5.45,-37.83,24,True
success,data/raw/daily/USA30IDXUSD1440_comma.csv,1D,14,200,2.0,24,0.657,0.659,1.004,True,0.582,0.314,0.268,8.93,-28.59,24,True
success,data/raw/daily/USA500IDXUSD1440_comma.csv,1D,6,50,2.0,20,0.19,0.163,0.857,True,0.156,-0.098,0.254,1.19,-53.51,20,True
success,data/raw/daily/USA30IDXUSD1440_comma.csv,1D,6,200,2.0,24,0.309,0.372,1.205,True,0.254,0.04,0.214,2.96,-57.8,24,True
success,data/raw/daily/USA30IDXUSD1440_comma.csv,1D,6,200,2.5,24,0.288,0.367,1.276,True,0.373,0.165,0.208,5.09,-37.83,24,True
success,data/raw/daily/USA500IDXUSD1440_comma.csv,1D,6,200,2.5,20,0.807,1.196,1.483,True,0.893,0.719,0.175,15.38,-33.23,20,False
success,data/raw/daily/USA30IDXUSD1440_comma.csv,1D,6,50,2.0,24,0.416,0.558,1.341,True,0.398,0.231,0.167,5.54,-37.83,24,False
success,data/raw/daily/USATECHIDXUSD1440_comma.csv,1D,6,20,1.5,20,0.033,0.081,2.486,True,-0.038,-0.162,0.124,-3.31,-61.61,20,False
success,data/raw/daily/USA500IDXUSD1440_comma.csv,1D,6,20,1.5,20,0.153,0.227,1.482,True,0.161,0.055,0.107,1.3,-43.61,20,False
success,data/raw/daily/USA30IDXUSD1440_comma.csv,1D,6,50,2.5,24,0.415,0.677,1.632,True,0.378,0.308,0.07,4.61,-32.02,24,False
success,data/raw/daily/USA30IDXUSD1440_comma.csv,1D,14,200,1.5,24,-0.465,-0.742,1.597,False,-0.548,-0.616,0.068,-10.36,-70.09,24,False
success,data/raw/daily/USA500IDXUSD1440_comma.csv,1D,14,200,2.0,20,0.45,0.76,1.688,True,0.596,0.579,0.016,9.32,-32.81,20,False
success,data/raw/daily/USA30IDXUSD1440_comma.csv,1D,6,20,1.5,24,0.29,0.415,1.43,True,0.276,0.269,0.007,3.34,-37.83,24,False
success,data/raw/daily/USA30IDXUSD1440_comma.csv,1D,14,50,2.0,24,0.868,1.093,1.26,True,0.642,0.636,0.006,9.94,-37.83,24,False
success,data/raw/daily/USA30IDXUSD1440_comma.csv,1D,6,20,2.5,24,0.624,1.017,1.629,True,0.695,0.695,0.0,11.1,-37.83,24,False
success,data/raw/daily/USA30IDXUSD1440_comma.csv,1D,6,100,2.5,24,0.622,1.017,1.634,True,0.695,0.695,0.0,11.1,-37.83,24,False
success,data/raw/daily/USA30IDXUSD1440_comma.csv,1D,14,20,2.0,24,0.624,1.017,1.629,True,0.695,0.695,0.0,11.1,-37.83,24,False
success,data/raw/daily/USA30IDXUSD1440_comma.csv,1D,14,20,2.5,24,0.624,1.017,1.629,True,0.695,0.695,0.0,11.1,-37.83,24,False
success,data/raw/daily/USA30IDXUSD1440_comma.csv,1D,14,50,2.5,24,0.0,0.0,0.0,False,0.0,0.0,0.0,0.0,0.0,24,False
success,data/raw/daily/USA30IDXUSD1440_comma.csv,1D,14,100,2.0,24,0.0,0.0,0.0,False,0.0,0.0,0.0,0.0,0.0,24,False
success,data/raw/daily/USA30IDXUSD1440_comma.csv,1D,14,100,2.5,24,0.0,0.0,0.0,False,0.0,0.0,0.0,0.0,0.0,24,False
success,data/raw/daily/USA30IDXUSD1440_comma.csv,1D,14,200,2.5,24,0.0,0.0,0.0,False,0.0,0.0,0.0,0.0,0.0,24,False
success,data/raw/daily/USA500IDXUSD1440_comma.csv,1D,6,100,2.5,20,0.687,1.067,1.554,True,0.787,0.787,0.0,13.23,-33.23,20,False
success,data/raw/daily/USA500IDXUSD1440_comma.csv,1D,14,20,2.0,20,0.688,1.067,1.552,True,0.787,0.787,0.0,13.23,-33.23,20,False
success,data/raw/daily/USA500IDXUSD1440_comma.csv,1D,14,100,2.0,20,0.0,0.0,0.0,False,0.0,0.0,0.0,0.0,0.0,20,False
success,data/raw/daily/USA500IDXUSD1440_comma.csv,1D,14,100,2.5,20,0.0,0.0,0.0,False,0.0,0.0,0.0,0.0,0.0,20,False
success,data/raw/daily/USATECHIDXUSD1440_comma.csv,1D,6,100,2.5,20,0.803,1.096,1.365,True,0.929,0.929,-0.0,19.99,-35.63,20,False
success,data/raw/daily/USA30IDXUSD1440_comma.csv,1D,14,50,1.5,24,-0.012,0.198,-17.123,False,0.06,0.063,-0.003,-0.45,-54.37,24,False
success,data/raw/daily/USA500IDXUSD1440_comma.csv,1D,14,20,1.5,20,0.688,1.062,1.544,True,0.783,0.786,-0.004,13.13,-33.23,20,False
success,data/raw/daily/USA500IDXUSD1440_comma.csv,1D,14,50,1.5,20,-0.458,-0.625,1.366,False,-0.565,-0.561,-0.004,-11.05,-75.69,20,False
success,data/raw/daily/USATECHIDXUSD1440_comma.csv,1D,6,20,2.0,20,0.594,0.652,1.098,True,0.518,0.526,-0.008,9.49,-46.62,20,False
success,data/raw/daily/USATECHIDXUSD1440_comma.csv,1D,6,50,2.5,20,0.932,1.12,1.202,True,0.892,0.904,-0.013,18.8,-35.63,20,False
success,data/raw/daily/USA500IDXUSD1440_comma.csv,1D,6,50,2.5,20,0.831,1.103,1.328,True,0.775,0.789,-0.014,12.86,-33.23,20,False
success,data/raw/daily/USA500IDXUSD1440_comma.csv,1D,14,50,2.0,20,0.831,1.103,1.328,True,0.775,0.789,-0.014,12.86,-33.23,20,False
success,data/raw/daily/USA500IDXUSD1440_comma.csv,1D,14,50,2.5,20,0.831,1.103,1.328,True,0.775,0.789,-0.014,12.86,-33.23,20,False
success,data/raw/daily/USA500IDXUSD1440_comma.csv,1D,6,20,2.5,20,0.628,0.94,1.496,True,0.692,0.732,-0.04,11.16,-33.23,20,False
success,data/raw/daily/USA500IDXUSD1440_comma.csv,1D,14,20,2.5,20,0.651,0.958,1.472,True,0.702,0.743,-0.042,11.35,-33.23,20,False
success,data/raw/daily/USA30IDXUSD1440_comma.csv,1D,6,20,2.0,24,0.519,0.869,1.674,True,0.562,0.606,-0.044,8.58,-37.83,24,False
success,data/raw/daily/USA500IDXUSD1440_comma.csv,1D,6,20,2.0,20,0.229,0.543,2.367,True,0.239,0.331,-0.092,2.72,-57.67,20,False
success,data/raw/daily/USA30IDXUSD1440_comma.csv,1D,14,20,1.5,24,0.466,0.783,1.679,True,0.535,0.642,-0.107,8.08,-37.83,24,False
success,data/raw/daily/USATECHIDXUSD1440_comma.csv,1D,6,20,2.5,20,1.049,1.745,1.664,True,0.601,0.866,-0.264,2.97,-7.78,20,False
success,data/raw/daily/USATECHIDXUSD1440_comma.csv,1D,14,200,2.5,20,,-0.326,,False,,-1.264,,0.0,0.0,20,False
success,data/raw/onehours/GBPUSD60_comma.csv,1H,6,50,1.5,26,-0.478,-0.677,1.417,False,-0.507,-5.968,5.46,-4.95,-50.2,26,True
success,data/raw/onehours/GBPUSD60_comma.csv,1H,6,100,1.5,26,0.013,0.029,2.179,True,0.153,-3.86,4.014,0.99,-31.1,26,True
success,data/raw/onehours/GBPUSD60_comma.csv,1H,6,20,1.5,26,-0.472,-0.704,1.491,False,-0.501,-4.452,3.951,-4.89,-49.26,26,True
success,data/raw/onehours/GBRIDXGBP60_comma.csv,1H,6,50,1.5,16,-0.234,-0.443,1.899,False,-0.311,-3.92,3.609,-6.22,-51.79,16,True
success,data/raw/onehours/USA30IDXUSD60_comma.csv,1H,6,20,1.5,16,-0.516,-0.305,0.591,False,-0.387,-3.303,2.916,-8.47,-64.0,16,True
success,data/raw/onehours/USATECHIDXUSD60_comma.csv,1H,6,50,1.5,16,0.391,0.703,1.798,True,0.686,-1.802,2.488,14.36,-38.83,16,True
success,data/raw/onehours/GBPUSD60_comma.csv,1H,6,200,1.5,26,-0.228,-0.069,0.304,False,-0.076,-2.194,2.118,-1.1,-22.9,26,True
success,data/raw/onehours/GBPUSD60_comma.csv,1H,14,20,1.5,26,-0.126,-0.401,3.183,False,-0.202,-2.245,2.043,-2.25,-33.71,26,True
success,data/raw/onehours/DEUIDXEUR60_comma.csv,1H,6,50,1.5,16,-0.305,-0.32,1.048,False,-0.32,-2.291,1.972,-7.79,-56.95,16,True
success,data/raw/onehours/GBRIDXGBP60_comma.csv,1H,6,100,1.5,16,-0.05,-0.099,1.993,False,-0.006,-1.909,1.903,-1.4,-33.24,16,True
success,data/raw/onehours/DEUIDXEUR60_comma.csv,1H,6,100,1.5,16,-0.147,-0.21,1.433,False,-0.205,-2.062,1.857,-5.69,-54.95,16,True
success,data/raw/onehours/USA30IDXUSD60_comma.csv,1H,6,50,1.5,16,-0.048,-0.002,0.044,False,-0.0,-1.769,1.769,-1.64,-52.65,16,True
success,data/raw/onehours/USA30IDXUSD60_comma.csv,1H,6,100,1.5,16,-0.293,-0.191,0.654,False,-0.184,-1.869,1.684,-4.93,-48.66,16,True
success,data/raw/onehours/GBPUSD60_comma.csv,1H,6,20,2.0,26,0.331,0.307,0.928,True,0.455,-1.214,1.67,3.82,-34.97,26,True
success,data/raw/onehours/USA500IDXUSD60_comma.csv,1H,6,50,1.5,16,-0.042,-0.042,1.003,False,0.08,-1.498,1.578,-0.22,-39.37,16,True
success,data/raw/onehours/GBPUSD60_comma.csv,1H,6,100,2.0,26,0.119,0.226,1.896,True,0.297,-1.253,1.549,2.32,-19.84,26,True
success,data/raw/onehours/GBPUSD60_comma.csv,1H,6,200,2.0,26,0.114,0.318,2.789,True,0.351,-1.193,1.543,2.83,-20.13,26,True
success,data/raw/onehours/USATECHIDXUSD60_comma.csv,1H,6,100,1.5,16,-0.023,-0.073,3.241,False,-0.027,-1.452,1.424,-3.22,-47.21,16,True
success,data/raw/onehours/GBPUSD60_comma.csv,1H,14,100,1.5,26,0.097,0.232,2.395,True,0.211,-1.2,1.411,1.52,-27.44,26,True
success,data/raw/onehours/GBRIDXGBP60_comma.csv,1H,14,200,1.5,16,0.265,0.185,0.696,True,0.131,-1.249,1.381,0.86,-41.75,16,True
success,data/raw/onehours/USA500IDXUSD60_comma.csv,1H,6,100,1.5,16,-0.521,-0.529,1.016,False,-0.5,-1.86,1.359,-10.74,-64.39,16,True
success,data/raw/onehours/USA30IDXUSD60_comma.csv,1H,6,200,1.5,16,-0.393,-0.003,0.008,False,-0.119,-1.467,1.348,-3.78,-54.45,16,True
success,data/raw/onehours/GBRIDXGBP60_comma.csv,1H,6,20,1.5,16,-0.29,-0.221,0.763,False,-0.118,-1.435,1.317,-3.2,-47.91,16,True
success,data/raw/fourhours/GBRIDXGBP240_comma.csv,4H,6,100,1.5,18,0.466,0.629,1.349,True,0.526,-0.76,1.286,7.5,-30.03,18,True
success,data/raw/fourhours/DEUIDXEUR240_comma.csv,4H,6,100,1.5,19,0.365,0.341,0.935,True,0.454,-0.739,1.194,7.18,-42.59,19,True
success,data/raw/onehours/GBPUSD60_comma.csv,1H,14,200,1.5,26,-0.397,-0.344,0.868,False,-0.301,-1.49,1.19,-3.12,-40.21,26,True
success,data/raw/fourhours/GBPUSD240_comma.csv,4H,6,50,1.5,27,-0.121,-0.167,1.382,False,-0.03,-1.214,1.184,-0.69,-27.49,27,True
success,data/raw/fourhours/GBPUSD240_comma.csv,4H,6,100,1.5,27,-0.036,0.16,-4.432,False,0.14,-1.044,1.184,0.87,-22.71,27,True
success,data/raw/onehours/USA500IDXUSD60_comma.csv,1H,6,200,2.0,16,0.364,0.431,1.185,True,0.421,-0.743,1.163,6.51,-29.94,16,True
success,data/raw/onehours/USA500IDXUSD60_comma.csv,1H,6,200,1.5,16,-0.196,-0.04,0.205,False,-0.089,-1.155,1.065,-3.42,-45.96,16,True
success,data/raw/onehours/GBRIDXGBP60_comma.csv,1H,14,50,1.5,16,0.268,0.484,1.807,True,0.261,-0.804,1.065,3.03,-36.1,16,True
success,data/raw/onehours/USATECHIDXUSD60_comma.csv,1H,6,200,1.5,16,-0.257,-0.063,0.243,False,-0.14,-1.199,1.059,-5.72,-70.01,16,True
success,data/raw/onehours/USA30IDXUSD60_comma.csv,1H,14,100,1.5,16,0.157,0.632,4.013,True,0.482,-0.563,1.045,7.53,-42.75,16,True
success,data/raw/onehours/USATECHIDXUSD60_comma.csv,1H,14,200,1.5,16,-0.129,0.116,-0.902,False,-0.032,-1.074,1.043,-3.31,-62.53,16,True
success,data/raw/onehours/DEUIDXEUR60_comma.csv,1H,14,200,1.5,16,-0.055,0.045,-0.833,False,0.003,-1.018,1.021,-1.76,-50.64,16,True
success,data/raw/onehours/DEUIDXEUR60_comma.csv,1H,14,20,1.5,16,0.037,0.036,0.982,False,0.014,-0.998,1.013,-1.54,-56.98,16,True
success,data/raw/daily/GBRIDXGBP1440_comma.csv,1D,6,100,1.5,20,0.216,0.033,0.153,False,0.202,-0.805,1.007,1.95,-28.1,20,True
success,data/raw/fourhours/DEUIDXEUR240_comma.csv,4H,6,200,1.5,19,0.301,0.573,1.901,True,0.492,-0.509,1.0,7.95,-48.02,19,True
success,data/raw/fourhours/GBPUSD240_comma.csv,4H,14,200,1.5,27,0.202,0.186,0.921,True,0.199,-0.8,0.999,1.42,-33.64,27,True
success,data/raw/daily/xauusd_1D_comma.csv,1D,6,50,1.5,36,0.079,0.002,0.023,False,0.11,-0.867,0.976,0.43,-42.84,36,True
success,data/raw/onehours/GBRIDXGBP60_comma.csv,1H,14,100,1.5,16,0.559,0.562,1.004,True,0.571,-0.379,0.95,8.45,-27.98,16,True
success,data/raw/onehours/GBRIDXGBP60_comma.csv,1H,14,200,2.0,16,0.533,0.418,0.784,True,0.393,-0.554,0.947,5.3,-37.5,16,True
success,data/raw/onehours/USATECHIDXUSD60_comma.csv,1H,6,20,1.5,16,-0.537,-0.355,0.661,False,-0.455,-1.4,0.945,-12.43,-77.99,16,True
success,data/raw/fourhours/GBRIDXGBP240_comma.csv,4H,14,200,1.5,18,0.232,0.31,1.336,True,0.304,-0.628,0.931,3.71,-32.12,18,True
success,data/raw/onehours/USA500IDXUSD60_comma.csv,1H,14,100,1.5,16,0.09,0.206,2.288,True,0.198,-0.724,0.922,2.06,-43.28,16,True
success,data/raw/fourhours/GBPUSD240_comma.csv,4H,6,200,2.5,27,0.184,0.388,2.111,True,0.31,-0.609,0.919,2.45,-30.04,27,True
success,data/raw/daily/DEUIDXEUR1440_comma.csv,1D,6,100,1.5,23,-0.157,-0.037,0.236,False,-0.004,-0.918,0.914,-1.9,-59.83,23,True
success,data/raw/onehours/GBRIDXGBP60_comma.csv,1H,6,200,1.5,16,-0.165,-0.056,0.343,False,-0.177,-1.082,0.904,-4.13,-47.86,16,True
success,data/raw/fourhours/USATECHIDXUSD240_comma.csv,4H,6,200,2.0,19,0.476,0.259,0.545,True,0.347,-0.55,0.897,5.44,-38.38,19,True
success,data/raw/daily/GBPUSD1440_comma.csv,1D,6,50,1.5,32,0.165,0.051,0.311,False,-0.002,-0.897,0.895,-0.42,-23.29,32,True
success,data/raw/onehours/USATECHIDXUSD60_comma.csv,1H,14,100,1.5,16,0.127,0.211,1.663,True,0.197,-0.695,0.891,1.99,-57.29,16,True
success,data/raw/onehours/DEUIDXEUR60_comma.csv,1H,6,200,1.5,16,-0.383,-0.399,1.042,False,-0.369,-1.261,0.891,-8.68,-64.75,16,True
success,data/raw/onehours/DEUIDXEUR60_comma.csv,1H,6,20,1.5,16,-0.581,-0.609,1.047,False,-0.677,-1.544,0.866,-14.04,-76.03,16,True
success,data/raw/onehours/DEUIDXEUR60_comma.csv,1H,6,200,2.0,16,0.447,0.072,0.161,False,0.069,-0.796,0.865,-0.48,-53.24,16,True
success,data/raw/fourhours/DEUIDXEUR240_comma.csv,4H,6,50,1.5,19,0.137,0.202,1.475,True,0.196,-0.663,0.859,1.96,-46.38,19,True
success,data/raw/onehours/USA500IDXUSD60_comma.csv,1H,6,20,1.5,16,-0.826,-0.941,1.14,False,-0.995,-1.853,0.859,-18.83,-84.37,16,True
success,data/raw/onehours/GBRIDXGBP60_comma.csv,1H,6,200,2.0,16,0.51,0.37,0.725,True,0.35,-0.499,0.849,4.56,-36.84,16,True
success,data/raw/fourhours/GBPUSD240_comma.csv,4H,6,200,2.0,27,0.08,-0.029,-0.357,False,0.002,-0.839,0.841,-0.39,-32.17,27,True
success,data/raw/daily/DEUIDXEUR1440_comma.csv,1D,6,50,1.5,23,0.273,0.408,1.495,True,0.406,-0.413,0.819,6.19,-42.68,23,True
success,data/raw/fourhours/GBRIDXGBP240_comma.csv,4H,6,200,2.0,18,0.288,0.446,1.547,True,0.362,-0.454,0.816,4.68,-36.71,18,True
success,data/raw/daily/GBRIDXGBP1440_comma.csv,1D,14,200,2.5,20,-0.359,-1.211,3.37,False,-0.483,-1.285,0.802,-2.13,-28.1,20,True
success,data/raw/fourhours/DEUIDXEUR240_comma.csv,4H,6,200,2.0,19,0.083,0.049,0.59,True,0.042,-0.758,0.8,-1.01,-48.45,19,True
success,data/raw/daily/GBPUSD1440_comma.csv,1D,6,200,1.5,32,-0.003,0.007,-2.521,False,-0.019,-0.815,0.796,-0.57,-36.5,32,True
success,data/raw/fourhours/GBPUSD240_comma.csv,4H,6,100,2.0,27,0.257,0.33,1.285,True,0.318,-0.469,0.787,2.52,-22.25,27,True
success,data/raw/onehours/USA30IDXUSD60_comma.csv,1H,14,200,1.5,16,-0.097,0.109,-1.129,False,0.141,-0.641,0.782,0.97,-46.79,16,True
success,data/raw/daily/GBPUSD1440_comma.csv,1D,6,100,1.5,32,-0.022,-0.073,3.365,False,-0.073,-0.853,0.78,-1.05,-34.55,32,True
success,data/raw/fourhours/USA30IDXUSD240_comma.csv,4H,6,200,2.0,19,0.406,0.35,0.862,True,0.363,-0.414,0.778,4.99,-30.69,19,True
success,data/raw/fourhours/GBRIDXGBP240_comma.csv,4H,6,200,1.5,18,0.454,0.383,0.843,True,0.426,-0.341,0.767,5.79,-29.82,18,True
success,data/raw/onehours/GBRIDXGBP60_comma.csv,1H,14,20,1.5,16,-0.039,-0.116,2.96,False,-0.09,-0.852,0.763,-2.75,-48.3,16,True
success,data/raw/fourhours/GBRIDXGBP240_comma.csv,4H,6,50,1.5,18,-0.044,0.121,-2.77,False,0.022,-0.738,0.761,-0.93,-43.13,18,True
success,data/raw/onehours/USA500IDXUSD60_comma.csv,1H,14,200,1.5,16,-0.092,0.164,-1.791,False,0.108,-0.632,0.74,0.3,-34.72,16,True
success,data/raw/fourhours/USATECHIDXUSD240_comma.csv,4H,14,200,1.5,19,0.006,-0.288,-49.378,False,-0.286,-1.023,0.737,-8.45,-64.28,19,True
success,data/raw/fourhours/USA30IDXUSD240_comma.csv,4H,6,50,1.5,19,-0.194,0.002,-0.008,False,0.061,-0.669,0.73,-0.44,-40.34,19,True
success,data/raw/fourhours/USA500IDXUSD240_comma.csv,4H,6,200,2.0,19,0.493,0.495,1.004,True,0.524,-0.201,0.724,8.19,-28.51,19,True
success,data/raw/daily/GBRIDXGBP1440_comma.csv,1D,14,200,1.5,20,0.397,0.04,0.101,False,0.164,-0.541,0.705,1.36,-38.14,20,True
success,data/raw/onehours/GBPUSD60_comma.csv,1H,14,200,2.0,26,0.296,0.391,1.323,True,0.361,-0.335,0.697,2.93,-22.76,26,True
success,data/raw/fourhours/GBPUSD240_comma.csv,4H,14,100,1.5,27,0.093,0.098,1.052,True,0.201,-0.466,0.667,1.43,-21.27,27,True
success,data/raw/daily/GBPUSD1440_comma.csv,1D,6,100,2.0,32,0.115,0.11,0.951,True,0.023,-0.633,0.656,-0.2,-31.33,32,True
success,data/raw/onehours/DEUIDXEUR60_comma.csv,1H,6,50,2.0,16,0.021,-0.226,-10.709,False,-0.144,-0.791,0.647,-4.55,-48.68,16,True
success,data/raw/fourhours/GBPUSD240_comma.csv,4H,6,200,1.5,27,0.059,0.047,0.799,True,0.035,-0.6,0.635,-0.1,-34.58,27,True
success,data/raw/fourhours/GBPUSD240_comma.csv,4H,6,20,1.5,27,0.328,0.357,1.088,True,0.423,-0.21,0.634,3.51,-19.5,27,True
success,data/raw/onehours/USA30IDXUSD60_comma.csv,1H,6,200,2.0,16,0.606,0.584,0.964,True,0.45,-0.174,0.624,6.9,-38.37,16,True
success,data/raw/onehours/DEUIDXEUR60_comma.csv,1H,6,100,2.0,16,0.007,0.145,19.406,True,0.031,-0.59,0.62,-1.23,-53.13,16,True
success,data/raw/fourhours/USATECHIDXUSD240_comma.csv,4H,6,100,1.5,19,-0.202,-0.305,1.514,False,-0.305,-0.917,0.612,-8.84,-66.34,19,True
success,data/raw/fourhours/DEUIDXEUR240_comma.csv,4H,14,200,1.5,19,0.039,0.082,2.074,True,0.097,-0.508,0.605,0.05,-48.12,19,True
success,data/raw/daily/xauusd_1D_comma.csv,1D,6,100,1.5,36,-0.22,-0.252,1.145,False,-0.264,-0.858,0.594,-5.8,-66.68,36,True
success,data/raw/onehours/USATECHIDXUSD60_comma.csv,1H,6,200,2.0,16,0.16,0.363,2.269,True,0.196,-0.398,0.594,1.98,-52.73,16,True
success,data/raw/daily/USATECHIDXUSD1440_comma.csv,1D,6,200,2.0,20,-0.075,-0.12,1.601,False,-0.056,-0.647,0.591,-3.72,-66.84,20,True
success,data/raw/onehours/GBRIDXGBP60_comma.csv,1H,6,100,2.0,16,0.003,-0.255,-74.83,False,-0.309,-0.901,0.591,-6.19,-51.42,16,True
success,data/raw/fourhours/USATECHIDXUSD240_comma.csv,4H,6,200,1.5,19,-0.169,-0.449,2.663,False,-0.432,-1.022,0.59,-11.38,-75.37,19,True
success,data/raw/fourhours/USA500IDXUSD240_comma.csv,4H,6,100,1.5,19,-0.264,-0.282,1.071,False,-0.296,-0.879,0.583,-6.74,-54.55,19,True
success,data/raw/fourhours/USA500IDXUSD240_comma.csv,4H,6,200,1.5,19,-0.169,-0.19,1.125,False,-0.138,-0.721,0.583,-4.01,-52.82,19,True
success,data/raw/daily/GBRIDXGBP1440_comma.csv,1D,6,200,1.5,20,0.375,0.069,0.183,False,0.169,-0.412,0.581,1.43,-32.83,20,True
success,data/raw/daily/GBPUSD1440_comma.csv,1D,6,200,2.0,32,-0.015,0.05,-3.295,False,0.055,-0.509,0.564,0.09,-36.74,32,True
success,data/raw/daily/GBRIDXGBP1440_comma.csv,1D,6,50,1.5,20,0.396,0.297,0.75,True,0.42,-0.138,0.558,5.44,-18.72,20,True
success,data/raw/fourhours/USATECHIDXUSD240_comma.csv,4H,14,200,2.0,19,-0.001,-0.099,121.551,False,-0.112,-0.664,0.552,-4.83,-58.37,19,True
success,data/raw/onehours/USA30IDXUSD60_comma.csv,1H,14,20,1.5,16,0.042,0.223,5.247,True,0.155,-0.365,0.519,1.22,-44.34,16,True
success,data/raw/daily/USATECHIDXUSD1440_comma.csv,1D,14,50,2.0,20,-0.365,-0.891,2.444,False,-0.29,-0.801,0.51,-2.64,-37.74,20,True
success,data/raw/onehours/GBPUSD60_comma.csv,1H,6,200,2.5,26,0.253,0.172,0.682,True,0.15,-0.359,0.51,0.96,-25.96,26,True
success,data/raw/onehours/GBRIDXGBP60_comma.csv,1H,14,100,2.0,16,0.216,-0.052,-0.242,False,-0.094,-0.592,0.498,-2.81,-36.6,16,True
success,data/raw/onehours/DEUIDXEUR60_comma.csv,1H,14,50,2.0,16,-0.095,-0.162,1.712,False,-0.131,-0.627,0.496,-4.31,-69.41,16,True
success,data/raw/fourhours/GBRIDXGBP240_comma.csv,4H,6,100,2.0,18,0.19,0.271,1.426,True,0.114,-0.374,0.488,0.55,-38.31,18,True
success,data/raw/daily/DEUIDXEUR1440_comma.csv,1D,6,100,2.0,23,0.458,0.523,1.143,True,0.397,-0.091,0.487,5.99,-39.96,23,True
success,data/raw/onehours/GBPUSD60_comma.csv,1H,14,50,1.5,26,0.276,0.541,1.964,True,0.506,0.019,0.487,4.29,-17.19,26,True
success,data/raw/fourhours/USA30IDXUSD240_comma.csv,4H,6,100,1.5,19,-0.028,0.221,-7.96,False,0.083,-0.402,0.485,-0.06,-38.36,19,True
success,data/raw/fourhours/GBPUSD240_comma.csv,4H,14,200,2.0,27,0.158,0.004,0.023,False,0.085,-0.391,0.476,0.36,-32.0,27,True
success,data/raw/onehours/USA500IDXUSD60_comma.csv,1H,14,50,1.5,16,-0.157,-0.048,0.308,False,-0.065,-0.535,0.47,-2.95,-43.76,16,True
success,data/raw/fourhours/USA30IDXUSD240_comma.csv,4H,14,200,1.5,19,-0.022,0.058,-2.677,False,0.047,-0.419,0.467,-0.69,-53.21,19,True
success,data/raw/daily/GBRIDXGBP1440_comma.csv,1D,6,100,2.0,20,0.172,-0.07,-0.406,False,0.12,-0.339,0.459,0.67,-28.51,20,True
success,data/raw/onehours/USATECHIDXUSD60_comma.csv,1H,6,50,2.0,16,0.329,0.314,0.954,True,0.326,-0.133,0.459,5.12,-43.66,16,True
success,data/raw/fourhours/DEUIDXEUR240_comma.csv,4H,14,200,2.0,19,0.133,0.348,2.606,True,0.219,-0.239,0.458,2.43,-48.28,19,True
success,data/raw/daily/xauusd_1D_comma.csv,1D,6,100,2.0,36,-0.346,-0.292,0.844,False,-0.279,-0.731,0.452,-6.04,-74.29,36,True
success,data/raw/daily/GBPUSD1440_comma.csv,1D,14,200,1.5,32,-0.163,-0.183,1.12,False,-0.173,-0.625,0.452,-1.93,-43.22,32,True
success,data/raw/fourhours/GBRIDXGBP240_comma.csv,4H,14,100,1.5,18,0.113,0.332,2.934,True,0.198,-0.239,0.437,1.93,-40.16,18,True
success,data/raw/daily/DEUIDXEUR1440_comma.csv,1D,6,200,2.0,23,0.364,-0.113,-0.309,False,-0.006,-0.439,0.433,-1.94,-58.2,23,True
success,data/raw/onehours/DEUIDXEUR60_comma.csv,1H,14,100,1.5,16,0.076,0.219,2.876,True,0.386,-0.039,0.426,5.91,-42.27,16,True
success,data/raw/daily/xauusd_1D_comma.csv,1D,14,200,1.5,36,-0.032,-0.105,3.284,False,-0.199,-0.624,0.425,-4.75,-64.9,36,True
success,data/raw/fourhours/USA30IDXUSD240_comma.csv,4H,6,100,2.0,19,0.302,0.495,1.641,True,0.31,-0.115,0.425,4.01,-37.94,19,True
success,data/raw/onehours/DEUIDXEUR60_comma.csv,1H,14,50,1.5,16,0.03,0.084,2.824,True,0.102,-0.322,0.425,0.17,-50.2,16,True
success,data/raw/onehours/USATECHIDXUSD60_comma.csv,1H,14,50,1.5,16,-0.429,-0.201,0.47,False,-0.272,-0.681,0.409,-8.59,-74.01,16,True
success,data/raw/daily/GBPUSD1440_comma.csv,1D,14,20,2.5,32,-0.687,-0.665,0.968,False,-0.236,-0.632,0.396,-0.41,-7.52,32,True
success,data/raw/daily/DEUIDXEUR1440_comma.csv,1D,6,20,1.5,23,0.47,0.644,1.37,True,0.56,0.166,0.395,9.38,-48.84,23,True
success,data/raw/fourhours/USATECHIDXUSD240_comma.csv,4H,14,100,1.5,19,-0.048,0.246,-5.177,False,0.044,-0.35,0.394,-1.46,-65.24,19,True
success,data/raw/daily/GBPUSD1440_comma.csv,1D,14,100,1.5,32,0.106,-0.027,-0.252,False,0.073,-0.316,0.388,0.25,-24.61,32,True
success,data/raw/onehours/GBPUSD60_comma.csv,1H,14,20,2.0,26,0.131,0.154,1.175,True,0.3,-0.083,0.383,2.36,-24.55,26,True
success,data/raw/onehours/GBPUSD60_comma.csv,1H,6,50,2.0,26,0.178,0.169,0.948,True,0.305,-0.077,0.382,2.4,-27.16,26,True
success,data/raw/onehours/USATECHIDXUSD60_comma.csv,1H,14,50,2.0,16,-0.277,-0.519,1.874,False,-0.471,-0.849,0.379,-12.72,-82.91,16,True
success,data/raw/daily/xauusd_1D_comma.csv,1D,6,200,1.5,36,-0.366,-0.427,1.169,False,-0.457,-0.834,0.378,-8.87,-81.16,36,True
success,data/raw/fourhours/GBRIDXGBP240_comma.csv,4H,6,20,1.5,18,0.093,0.108,1.158,True,0.2,-0.176,0.375,1.96,-28.74,18,True
success,data/raw/fourhours/USATECHIDXUSD240_comma.csv,4H,6,200,2.5,19,0.206,0.094,0.457,False,0.15,-0.213,0.363,0.9,-46.55,19,True
success,data/raw/daily/GBRIDXGBP1440_comma.csv,1D,6,200,2.0,20,0.106,-0.018,-0.166,False,-0.008,-0.365,0.357,-1.25,-34.51,20,True
success,data/raw/daily/xauusd_1D_comma.csv,1D,14,100,2.5,36,-0.104,-0.649,6.239,False,-0.308,-0.664,0.356,-2.5,-44.41,36,True
success,data/raw/daily/xauusd_1D_comma.csv,1D,14,200,2.5,36,-0.104,-0.649,6.239,False,-0.308,-0.664,0.356,-2.5,-44.41,36,True
success,data/raw/onehours/USA30IDXUSD60_comma.csv,1H,6,50,2.0,16,0.278,0.503,1.811,True,0.54,0.191,0.349,8.67,-36.62,16,True
success,data/raw/fourhours/GBPUSD240_comma.csv,4H,14,20,1.5,27,0.491,0.494,1.005,True,0.579,0.234,0.345,4.99,-16.97,27,True
success,data/raw/daily/DEUIDXEUR1440_comma.csv,1D,6,200,1.5,23,0.119,-0.108,-0.914,False,0.057,-0.286,0.344,-0.73,-49.93,23,True
success,data/raw/daily/GBPUSD1440_comma.csv,1D,6,20,1.5,32,-0.032,-0.027,0.837,False,-0.082,-0.425,0.344,-1.13,-34.53,32,True
success,data/raw/fourhours/DEUIDXEUR240_comma.csv,4H,6,20,2.0,19,0.145,-0.021,-0.147,False,-0.019,-0.363,0.344,-2.16,-42.34,19,True
success,data/raw/onehours/USATECHIDXUSD60_comma.csv,1H,6,20,2.0,16,-0.268,-0.018,0.067,False,-0.136,-0.478,0.342,-5.63,-68.8,16,True
success,data/raw/fourhours/DEUIDXEUR240_comma.csv,4H,6,100,2.0,19,0.321,0.565,1.759,True,0.392,0.052,0.34,5.89,-41.95,19,True
success,data/raw/onehours/GBRIDXGBP60_comma.csv,1H,6,20,2.0,16,-0.21,-0.137,0.652,False,-0.239,-0.575,0.336,-5.11,-51.15,16,True
success,data/raw/onehours/USATECHIDXUSD60_comma.csv,1H,14,100,2.0,16,0.227,0.33,1.458,True,0.271,-0.057,0.327,3.76,-45.21,16,True
success,data/raw/onehours/USA500IDXUSD60_comma.csv,1H,14,50,2.0,16,-0.076,-0.224,2.958,False,-0.129,-0.453,0.324,-4.12,-46.01,16,True
success,data/raw/daily/USATECHIDXUSD1440_comma.csv,1D,14,200,1.5,20,-0.4,-0.625,1.561,False,-0.495,-0.816,0.321,-12.76,-76.61,20,True
success,data/raw/daily/USATECHIDXUSD1440_comma.csv,1D,6,200,1.5,20,-0.497,-0.508,1.024,False,-0.405,-0.726,0.32,-11.01,-81.3,20,True
success,data/raw/daily/USATECHIDXUSD1440_comma.csv,1D,14,100,1.5,20,-0.224,-0.287,1.279,False,-0.003,-0.322,0.319,-2.55,-59.43,20,True
success,data/raw/daily/GBPUSD1440_comma.csv,1D,6,200,2.5,32,0.211,0.23,1.088,True,0.16,-0.155,0.315,1.04,-22.46,32,True
success,data/raw/onehours/DEUIDXEUR60_comma.csv,1H,14,200,2.0,16,0.208,0.168,0.811,True,0.106,-0.208,0.314,0.24,-55.19,16,True
success,data/raw/fourhours/USA30IDXUSD240_comma.csv,4H,6,100,2.5,19,0.52,0.65,1.252,True,0.476,0.163,0.313,7.1,-37.94,19,True
success,data/raw/fourhours/USATECHIDXUSD240_comma.csv,4H,14,100,2.0,19,-0.073,0.072,-0.988,False,0.005,-0.307,0.313,-2.31,-54.14,19,True
success,data/raw/fourhours/USA30IDXUSD240_comma.csv,4H,6,200,1.5,19,-0.183,-0.297,1.626,False,-0.229,-0.54,0.312,-5.4,-53.86,19,True
success,data/raw/onehours/GBRIDXGBP60_comma.csv,1H,14,20,2.0,16,0.066,0.178,2.704,True,0.207,-0.093,0.3,2.13,-33.49,16,True
success,data/raw/fourhours/DEUIDXEUR240_comma.csv,4H,6,200,2.5,19,0.324,0.49,1.515,True,0.345,0.049,0.296,4.94,-41.95,19,True
success,data/raw/daily/xauusd_1D_comma.csv,1D,14,100,1.5,36,-0.44,-0.376,0.853,False,-0.367,-0.661,0.294,-7.47,-77.99,36,True
success,data/raw/fourhours/USATECHIDXUSD240_comma.csv,4H,14,200,2.5,19,0.155,-0.265,-1.709,False,-0.173,-0.465,0.292,-6.12,-71.17,19,True
success,data/raw/daily/USATECHIDXUSD1440_comma.csv,1D,6,200,2.5,20,0.182,0.608,3.334,True,0.403,0.115,0.288,5.56,-38.32,20,True
success,data/raw/daily/DEUIDXEUR1440_comma.csv,1D,6,50,2.0,23,0.184,0.338,1.835,True,0.303,0.015,0.288,4.0,-60.95,23,True
success,data/raw/daily/xauusd_1D_comma.csv,1D,6,200,2.5,36,-0.368,-0.452,1.23,False,-0.354,-0.642,0.287,-7.25,-79.11,36,True
success,data/raw/onehours/GBRIDXGBP60_comma.csv,1H,6,200,2.5,16,0.214,0.321,1.499,True,0.245,-0.038,0.283,2.76,-42.4,16,True
success,data/raw/daily/DEUIDXEUR1440_comma.csv,1D,14,200,1.5,23,0.265,0.048,0.18,False,0.156,-0.125,0.28,1.18,-38.41,23,True
success,data/raw/daily/xauusd_1D_comma.csv,1D,6,200,2.0,36,-0.292,-0.364,1.244,False,-0.329,-0.608,0.279,-6.85,-73.37,36,True
success,data/raw/onehours/USA500IDXUSD60_comma.csv,1H,14,100,2.5,16,-0.443,-0.29,0.655,False,-0.349,-0.625,0.276,-8.08,-62.43,16,True
success,data/raw/fourhours/USATECHIDXUSD240_comma.csv,4H,6,100,2.0,19,0.143,0.152,1.062,True,0.022,-0.251,0.273,-1.95,-61.45,19,True
success,data/raw/onehours/GBPUSD60_comma.csv,1H,14,100,2.0,26,-0.071,0.107,-1.503,False,0.028,-0.244,0.272,-0.16,-28.91,26,True
success,data/raw/onehours/DEUIDXEUR60_comma.csv,1H,14,100,2.0,16,-0.122,-0.379,3.103,False,-0.339,-0.607,0.268,-8.14,-77.87,16,True
success,data/raw/fourhours/USA500IDXUSD240_comma.csv,4H,6,50,2.0,19,0.136,0.317,2.328,True,0.307,0.045,0.262,4.03,-32.15,19,True
success,data/raw/fourhours/GBRIDXGBP240_comma.csv,4H,6,50,2.0,18,0.311,0.306,0.983,True,0.251,-0.009,0.26,2.81,-36.72,18,True
success,data/raw/onehours/USA30IDXUSD60_comma.csv,1H,6,20,2.0,16,0.085,0.126,1.483,True,0.006,-0.253,0.26,-1.52,-46.75,16,True
success,data/raw/daily/xauusd_1D_comma.csv,1D,6,20,1.5,36,-0.351,-0.377,1.074,False,-0.314,-0.567,0.253,-6.62,-75.43,36,True
success,data/raw/daily/xauusd_1D_comma.csv,1D,6,20,2.5,36,-0.554,-0.834,1.506,False,-0.524,-0.772,0.248,-5.01,-63.43,36,True
success,data/raw/daily/xauusd_1D_comma.csv,1D,14,20,2.5,36,-0.554,-0.834,1.506,False,-0.524,-0.772,0.248,-5.01,-63.43,36,True
success,data/raw/fourhours/USA500IDXUSD240_comma.csv,4H,14,200,2.0,19,0.283,0.32,1.132,True,0.32,0.081,0.239,4.28,-41.21,19,True
success,data/raw/fourhours/USATECHIDXUSD240_comma.csv,4H,6,50,1.5,19,0.197,0.356,1.812,True,0.235,-0.002,0.237,2.84,-55.7,19,True
success,data/raw/fourhours/USA500IDXUSD240_comma.csv,4H,6,20,2.0,19,-0.214,-0.373,1.746,False,-0.325,-0.548,0.223,-7.2,-68.3,19,True
success,data/raw/onehours/DEUIDXEUR60_comma.csv,1H,6,20,2.5,16,-0.197,-0.426,2.16,False,-0.259,-0.482,0.223,-6.69,-69.59,16,True
success,data/raw/fourhours/GBRIDXGBP240_comma.csv,4H,14,50,1.5,18,0.182,0.415,2.274,True,0.397,0.176,0.221,5.31,-31.62,18,True
success,data/raw/fourhours/USA30IDXUSD240_comma.csv,4H,6,20,1.5,19,-0.25,-0.08,0.319,False,-0.172,-0.39,0.218,-4.45,-49.43,19,True
success,data/raw/fourhours/GBPUSD240_comma.csv,4H,6,20,2.0,27,0.203,0.179,0.883,True,0.253,0.036,0.218,1.92,-24.56,27,True
success,data/raw/fourhours/GBPUSD240_comma.csv,4H,14,100,2.0,27,0.176,0.181,1.026,True,0.227,0.015,0.212,1.65,-26.27,27,True
success,data/raw/onehours/USA500IDXUSD60_comma.csv,1H,14,50,2.5,16,-0.07,-0.268,3.803,False,-0.098,-0.303,0.205,-3.58,-50.72,16,True
success,data/raw/onehours/GBRIDXGBP60_comma.csv,1H,14,50,2.0,16,0.091,0.423,4.649,True,0.258,0.053,0.205,2.99,-41.97,16,True
success,data/raw/onehours/DEUIDXEUR60_comma.csv,1H,14,50,2.5,16,-0.338,-0.573,1.693,False,-0.438,-0.633,0.195,-9.91,-80.97,16,False
success,data/raw/daily/DEUIDXEUR1440_comma.csv,1D,14,50,2.0,23,-0.413,-0.681,1.65,False,-0.454,-0.64,0.186,-8.55,-73.53,23,False
success,data/raw/fourhours/USA30IDXUSD240_comma.csv,4H,6,50,2.5,19,0.14,-0.002,-0.012,False,0.042,-0.139,0.181,-0.78,-54.41,19,False
success,data/raw/daily/GBRIDXGBP1440_comma.csv,1D,14,200,2.0,20,0.262,0.059,0.225,False,0.069,-0.11,0.179,-0.13,-38.78,20,False
success,data/raw/onehours/GBRIDXGBP60_comma.csv,1H,6,100,2.5,16,0.214,0.179,0.837,True,0.222,0.046,0.176,2.38,-32.19,16,False
success,data/raw/fourhours/DEUIDXEUR240_comma.csv,4H,14,100,1.5,19,0.069,0.38,5.485,True,0.273,0.107,0.166,3.49,-41.95,19,False
success,data/raw/onehours/GBRIDXGBP60_comma.csv,1H,6,50,2.0,16,-0.342,-0.461,1.35,False,-0.462,-0.626,0.164,-8.53,-58.91,16,False
success,data/raw/fourhours/USATECHIDXUSD240_comma.csv,4H,14,50,1.5,19,-0.029,-0.059,2.022,False,-0.042,-0.203,0.161,-3.33,-58.06,19,False
success,data/raw/onehours/USATECHIDXUSD60_comma.csv,1H,6,50,2.5,16,-0.398,-0.594,1.493,False,-0.595,-0.754,0.16,-15.2,-82.86,16,False
success,data/raw/daily/GBPUSD1440_comma.csv,1D,6,50,2.0,32,-0.009,0.058,-6.127,False,0.012,-0.145,0.157,-0.3,-28.43,32,False
success,data/raw/onehours/USA500IDXUSD60_comma.csv,1H,6,50,2.0,16,0.43,0.456,1.06,True,0.376,0.22,0.156,5.6,-35.53,16,False
success,data/raw/daily/GBPUSD1440_comma.csv,1D,14,200,2.0,32,0.014,0.094,6.733,True,0.058,-0.092,0.15,0.12,-30.42,32,False
success,data/raw/fourhours/USA500IDXUSD240_comma.csv,4H,6,200,2.5,19,0.3,0.425,1.415,True,0.358,0.209,0.149,4.98,-34.86,19,False
success,data/raw/daily/GBRIDXGBP1440_comma.csv,1D,14,100,1.5,20,0.095,-0.158,-1.668,False,-0.095,-0.242,0.148,-2.6,-41.42,20,False
success,data/raw/daily/USATECHIDXUSD1440_comma.csv,1D,14,200,2.0,20,-0.578,-0.529,0.916,False,-0.489,-0.625,0.136,-12.64,-82.87,20,False
success,data/raw/onehours/USATECHIDXUSD60_comma.csv,1H,6,100,2.0,16,0.248,0.351,1.416,True,0.274,0.138,0.136,3.85,-48.13,16,False
success,data/raw/onehours/USATECHIDXUSD60_comma.csv,1H,14,100,2.5,16,-0.519,-0.598,1.151,False,-0.596,-0.729,0.133,-15.15,-76.72,16,False
success,data/raw/daily/DEUIDXEUR1440_comma.csv,1D,14,100,1.5,23,0.18,0.114,0.635,True,0.243,0.111,0.132,2.9,-44.31,23,False
success,data/raw/onehours/GBRIDXGBP60_comma.csv,1H,14,20,2.5,16,-0.126,-0.17,1.344,False,-0.204,-0.331,0.128,-4.55,-50.47,16,False
success,data/raw/onehours/USA30IDXUSD60_comma.csv,1H,6,200,2.5,16,0.403,0.332,0.823,True,0.409,0.284,0.125,6.08,-38.32,16,False
success,data/raw/fourhours/USA500IDXUSD240_comma.csv,4H,14,100,2.0,19,0.198,0.079,0.399,False,0.117,-0.007,0.124,0.51,-50.3,19,False
success,data/raw/daily/xauusd_1D_comma.csv,1D,6,50,2.0,36,-0.396,-0.465,1.172,False,-0.496,-0.619,0.123,-9.48,-87.43,36,False
success,data/raw/fourhours/GBPUSD240_comma.csv,4H,14,100,2.5,27,0.131,0.112,0.856,True,0.059,-0.064,0.123,0.16,-26.93,27,False
success,data/raw/onehours/USATECHIDXUSD60_comma.csv,1H,14,50,2.5,16,-0.684,-0.956,1.399,False,-0.866,-0.986,0.121,-20.41,-86.34,16,False
success,data/raw/onehours/DEUIDXEUR60_comma.csv,1H,14,100,2.5,16,0.105,-0.115,-1.1,False,-0.104,-0.224,0.12,-3.8,-59.4,16,False
success,data/raw/fourhours/GBRIDXGBP240_comma.csv,4H,14,200,2.0,18,0.022,0.062,2.812,True,0.083,-0.03,0.113,0.05,-39.68,18,False
success,data/raw/fourhours/GBRIDXGBP240_comma.csv,4H,6,200,2.5,18,-0.191,-0.153,0.804,False,-0.156,-0.268,0.112,-3.76,-38.96,18,False
success,data/raw/fourhours/USATECHIDXUSD240_comma.csv,4H,6,20,1.5,19,-0.013,0.072,-5.568,False,-0.05,-0.157,0.107,-3.5,-50.95,19,False
success,data/raw/fourhours/USA30IDXUSD240_comma.csv,4H,14,200,2.5,19,0.544,0.689,1.265,True,0.57,0.464,0.106,8.88,-37.94,19,False
success,data/raw/onehours/GBRIDXGBP60_comma.csv,1H,6,20,2.5,16,-0.214,-0.206,0.963,False,-0.257,-0.364,0.106,-5.39,-53.58,16,False
success,data/raw/daily/xauusd_1D_comma.csv,1D,14,20,2.0,36,-0.363,-0.53,1.459,False,-0.457,-0.56,0.103,-6.24,-71.96,36,False
success,data/raw/daily/GBRIDXGBP1440_comma.csv,1D,6,100,2.5,20,-0.073,-0.401,5.51,False,-0.202,-0.302,0.099,-4.22,-58.86,20,False
success,data/raw/fourhours/USA30IDXUSD240_comma.csv,4H,14,200,2.0,19,0.476,0.626,1.314,True,0.415,0.317,0.099,5.96,-35.89,19,False
success,data/raw/fourhours/USA500IDXUSD240_comma.csv,4H,6,100,2.0,19,0.313,0.332,1.059,True,0.245,0.145,0.099,2.86,-29.32,19,False
success,data/raw/daily/xauusd_1D_comma.csv,1D,6,100,2.5,36,-0.411,-0.419,1.021,False,-0.42,-0.518,0.098,-8.29,-81.29,36,False
success,data/raw/fourhours/USATECHIDXUSD240_comma.csv,4H,6,20,2.0,19,0.139,0.334,2.406,True,0.328,0.235,0.093,4.99,-53.63,19,False
success,data/raw/fourhours/GBPUSD240_comma.csv,4H,6,100,2.5,27,0.178,0.195,1.099,True,0.241,0.149,0.093,1.8,-38.3,27,False
success,data/raw/fourhours/USA30IDXUSD240_comma.csv,4H,6,200,2.5,19,-0.062,-0.003,0.04,False,-0.097,-0.185,0.088,-3.17,-50.69,19,False
success,data/raw/fourhours/USA500IDXUSD240_comma.csv,4H,6,100,2.5,19,0.641,0.9,1.403,True,0.692,0.605,0.087,11.53,-34.86,19,False
success,data/raw/fourhours/USA30IDXUSD240_comma.csv,4H,14,100,1.5,19,0.42,0.581,1.383,True,0.416,0.331,0.085,5.96,-37.94,19,False
success,data/raw/daily/GBRIDXGBP1440_comma.csv,1D,6,50,2.0,20,0.137,0.215,1.569,True,0.179,0.096,0.083,1.57,-35.89,20,False
success,data/raw/daily/xauusd_1D_comma.csv,1D,14,200,2.0,36,-0.187,-0.242,1.293,False,-0.262,-0.344,0.082,-5.78,-66.07,36,False
success,data/raw/fourhours/DEUIDXEUR240_comma.csv,4H,14,50,1.5,19,0.058,0.068,1.183,True,0.057,-0.025,0.082,-0.72,-50.45,19,False
success,data/raw/onehours/USA30IDXUSD60_comma.csv,1H,14,50,1.5,16,0.011,0.018,1.713,True,0.001,-0.075,0.076,-1.61,-43.71,16,False
success,data/raw/fourhours/GBRIDXGBP240_comma.csv,4H,6,100,2.5,18,0.182,0.088,0.483,False,0.12,0.045,0.075,0.64,-39.53,18,False
success,data/raw/fourhours/GBRIDXGBP240_comma.csv,4H,6,50,2.5,18,0.293,0.427,1.456,True,0.328,0.258,0.07,4.07,-38.29,18,False
success,data/raw/daily/DEUIDXEUR1440_comma.csv,1D,6,20,2.5,23,-0.249,0.037,-0.146,False,0.047,-0.021,0.068,-0.22,-38.63,23,False
success,data/raw/daily/GBPUSD1440_comma.csv,1D,6,100,2.5,32,0.009,0.076,8.55,True,0.053,-0.012,0.065,0.11,-25.21,32,False
success,data/raw/fourhours/GBPUSD240_comma.csv,4H,6,50,2.5,27,0.266,0.35,1.316,True,0.343,0.278,0.065,2.76,-31.11,27,False
success,data/raw/onehours/USA30IDXUSD60_comma.csv,1H,6,100,2.0,16,-0.087,-0.114,1.319,False,-0.201,-0.265,0.064,-5.21,-54.02,16,False
success,data/raw/onehours/USATECHIDXUSD60_comma.csv,1H,6,200,2.5,16,-0.009,0.264,-30.294,False,0.012,-0.047,0.058,-2.32,-67.98,16,False
success,data/raw/daily/USATECHIDXUSD1440_comma.csv,1D,14,100,2.0,20,-0.762,-0.983,1.29,False,-0.82,-0.866,0.046,-18.58,-86.98,20,False
success,data/raw/onehours/USA30IDXUSD60_comma.csv,1H,6,50,2.5,16,0.198,0.282,1.421,True,0.272,0.226,0.046,3.44,-45.09,16,False
success,data/raw/daily/xauusd_1D_comma.csv,1D,6,20,2.0,36,-0.287,-0.48,1.673,False,-0.389,-0.434,0.045,-5.96,-73.58,36,False
success,data/raw/fourhours/DEUIDXEUR240_comma.csv,4H,14,50,2.5,19,-0.211,-0.567,2.682,False,-0.456,-0.501,0.044,-9.9,-74.93,19,False
success,data/raw/daily/DEUIDXEUR1440_comma.csv,1D,14,20,2.0,23,0.272,0.433,1.593,True,0.353,0.312,0.041,5.11,-60.75,23,False
success,data/raw/fourhours/GBPUSD240_comma.csv,4H,14,200,2.5,27,0.066,0.169,2.568,True,0.078,0.038,0.04,0.3,-29.45,27,False
success,data/raw/fourhours/USA500IDXUSD240_comma.csv,4H,6,50,1.5,19,0.18,0.404,2.245,True,0.373,0.334,0.039,5.28,-31.69,19,False
success,data/raw/onehours/USA500IDXUSD60_comma.csv,1H,6,50,2.5,16,0.142,0.487,3.417,True,0.394,0.355,0.039,5.96,-38.17,16,False
success,data/raw/fourhours/USA500IDXUSD240_comma.csv,4H,6,50,2.5,19,0.125,0.289,2.314,True,0.165,0.129,0.037,1.39,-62.04,19,False
success,data/raw/onehours/USATECHIDXUSD60_comma.csv,1H,14,200,2.0,16,0.156,0.341,2.181,True,0.109,0.072,0.037,-0.08,-50.73,16,False
success,data/raw/onehours/DEUIDXEUR60_comma.csv,1H,6,100,2.5,16,0.137,-0.136,-0.996,False,-0.031,-0.066,0.036,-2.41,-42.07,16,False
success,data/raw/daily/GBPUSD1440_comma.csv,1D,14,50,2.0,32,0.145,0.16,1.101,True,0.124,0.089,0.035,0.65,-25.21,32,False
success,data/raw/fourhours/GBRIDXGBP240_comma.csv,4H,14,100,2.0,18,0.346,0.47,1.356,True,0.334,0.302,0.033,4.21,-38.29,18,False
success,data/raw/fourhours/GBRIDXGBP240_comma.csv,4H,14,200,2.5,18,0.12,0.334,2.789,True,0.256,0.223,0.033,2.87,-36.98,18,False
success,data/raw/fourhours/DEUIDXEUR240_comma.csv,4H,14,50,2.0,19,-0.262,-0.305,1.164,False,-0.273,-0.303,0.03,-6.83,-65.01,19,False
success,data/raw/onehours/USA30IDXUSD60_comma.csv,1H,14,200,2.0,16,0.302,0.288,0.954,True,0.209,0.179,0.03,2.24,-38.41,16,False
success,data/raw/fourhours/GBPUSD240_comma.csv,4H,14,20,2.0,27,0.193,0.043,0.22,False,0.109,0.082,0.027,0.58,-26.22,27,False
success,data/raw/daily/USATECHIDXUSD1440_comma.csv,1D,14,50,1.5,20,-0.639,-0.928,1.453,False,-0.838,-0.864,0.026,-19.19,-89.26,20,False
success,data/raw/daily/GBRIDXGBP1440_comma.csv,1D,6,20,2.0,20,0.152,0.362,2.381,True,0.349,0.323,0.026,4.29,-42.78,20,False
success,data/raw/fourhours/DEUIDXEUR240_comma.csv,4H,6,50,2.5,19,-0.356,-0.562,1.579,False,-0.425,-0.45,0.026,-9.51,-78.44,19,False
success,data/raw/daily/DEUIDXEUR1440_comma.csv,1D,14,50,1.5,23,-0.156,-0.3,1.923,False,-0.172,-0.197,0.025,-5.04,-59.34,23,False
success,data/raw/onehours/GBRIDXGBP60_comma.csv,1H,14,100,2.5,16,0.094,0.36,3.843,True,0.209,0.184,0.025,2.13,-46.22,16,False
success,data/raw/fourhours/USA500IDXUSD240_comma.csv,4H,14,50,2.5,19,-0.359,-0.803,2.237,False,-0.612,-0.636,0.024,-11.89,-75.58,19,False
success,data/raw/onehours/USA30IDXUSD60_comma.csv,1H,14,200,2.5,16,-0.398,-0.105,0.263,False,-0.113,-0.137,0.024,-3.66,-50.89,16,False
success,data/raw/fourhours/USATECHIDXUSD240_comma.csv,4H,14,20,2.0,19,0.325,0.406,1.247,True,0.389,0.375,0.015,6.43,-46.2,19,False
success,data/raw/fourhours/DEUIDXEUR240_comma.csv,4H,6,100,2.5,19,0.448,0.669,1.491,True,0.554,0.543,0.012,9.26,-41.94,19,False
success,data/raw/daily/GBPUSD1440_comma.csv,1D,6,20,2.5,32,0.18,0.09,0.501,True,0.124,0.114,0.01,0.7,-23.86,32,False
success,data/raw/daily/GBPUSD1440_comma.csv,1D,6,50,2.5,32,0.18,0.09,0.501,True,0.124,0.114,0.01,0.7,-23.86,32,False
success,data/raw/daily/GBRIDXGBP1440_comma.csv,1D,6,20,2.5,20,0.114,0.351,3.079,True,0.263,0.255,0.008,2.78,-34.98,20,False
success,data/raw/daily/GBRIDXGBP1440_comma.csv,1D,6,200,2.5,20,0.24,0.184,0.767,True,0.148,0.14,0.008,1.1,-35.89,20,False
success,data/raw/onehours/USA500IDXUSD60_comma.csv,1H,14,200,2.5,16,0.245,0.215,0.879,True,0.281,0.273,0.008,3.69,-50.89,16,False
success,data/raw/onehours/GBPUSD60_comma.csv,1H,14,50,2.0,26,0.192,0.25,1.301,True,0.221,0.215,0.005,1.61,-24.02,26,False
success,data/raw/onehours/DEUIDXEUR60_comma.csv,1H,14,200,2.5,16,-0.07,-0.36,5.132,False,-0.237,-0.241,0.004,-6.28,-68.31,16,False
success,data/raw/fourhours/DEUIDXEUR240_comma.csv,4H,14,20,2.5,19,0.183,0.569,3.111,True,0.462,0.459,0.003,7.33,-46.35,19,False
success,data/raw/onehours/USA30IDXUSD60_comma.csv,1H,14,100,2.5,16,0.503,0.234,0.464,False,0.305,0.304,0.001,4.08,-38.44,16,False
success,data/raw/daily/USATECHIDXUSD1440_comma.csv,1D,14,20,2.0,20,0.863,1.096,1.27,True,0.929,0.929,-0.0,19.99,-35.63,20,False
success,data/raw/daily/USATECHIDXUSD1440_comma.csv,1D,14,50,2.5,20,0.0,0.0,0.0,False,0.0,0.0,0.0,0.0,0.0,20,False
success,data/raw/daily/USATECHIDXUSD1440_comma.csv,1D,14,100,2.5,20,0.0,0.0,0.0,False,0.0,0.0,0.0,0.0,0.0,20,False
success,data/raw/daily/GBRIDXGBP1440_comma.csv,1D,14,50,2.5,20,0.0,0.0,0.0,False,0.0,0.0,0.0,0.0,0.0,20,False
success,data/raw/daily/GBRIDXGBP1440_comma.csv,1D,14,100,2.5,20,0.0,0.0,0.0,False,0.0,0.0,0.0,0.0,0.0,20,False
success,data/raw/daily/DEUIDXEUR1440_comma.csv,1D,14,50,2.5,23,0.0,0.0,0.0,False,0.0,0.0,0.0,0.0,0.0,23,False
success,data/raw/daily/DEUIDXEUR1440_comma.csv,1D,14,100,2.0,23,0.0,0.0,0.0,False,0.0,0.0,0.0,0.0,0.0,23,False
success,data/raw/daily/DEUIDXEUR1440_comma.csv,1D,14,100,2.5,23,0.0,0.0,0.0,False,0.0,0.0,0.0,0.0,0.0,23,False
success,data/raw/daily/DEUIDXEUR1440_comma.csv,1D,14,200,2.5,23,0.0,0.0,0.0,False,0.0,0.0,0.0,0.0,0.0,23,False
success,data/raw/daily/xauusd_1D_comma.csv,1D,6,50,2.5,36,0.0,0.0,0.0,False,0.0,0.0,0.0,0.0,0.0,36,False
success,data/raw/daily/xauusd_1D_comma.csv,1D,14,50,2.0,36,0.0,0.0,0.0,False,0.0,0.0,0.0,0.0,0.0,36,False
success,data/raw/daily/xauusd_1D_comma.csv,1D,14,50,2.5,36,0.0,0.0,0.0,False,0.0,0.0,0.0,0.0,0.0,36,False
success,data/raw/daily/GBPUSD1440_comma.csv,1D,14,50,2.5,32,0.0,0.0,0.0,False,0.0,0.0,0.0,0.0,0.0,32,False
success,data/raw/daily/GBPUSD1440_comma.csv,1D,14,100,2.0,32,0.0,0.0,0.0,False,0.0,0.0,0.0,0.0,0.0,32,False
success,data/raw/daily/GBPUSD1440_comma.csv,1D,14,100,2.5,32,0.0,0.0,0.0,False,0.0,0.0,0.0,0.0,0.0,32,False
success,data/raw/daily/GBPUSD1440_comma.csv,1D,14,200,2.5,32,0.0,0.0,0.0,False,0.0,0.0,0.0,0.0,0.0,32,False
success,data/raw/fourhours/USA500IDXUSD240_comma.csv,4H,14,100,2.5,19,0.667,0.968,1.453,True,0.739,0.739,-0.0,12.49,-34.86,19,False
success,data/raw/fourhours/USA500IDXUSD240_comma.csv,4H,14,200,2.5,19,0.681,0.968,1.422,True,0.739,0.739,-0.0,12.49,-34.86,19,False
success,data/raw/fourhours/USATECHIDXUSD240_comma.csv,4H,6,50,2.5,19,0.71,0.964,1.358,True,0.847,0.848,-0.0,17.88,-36.12,19,False
success,data/raw/fourhours/USATECHIDXUSD240_comma.csv,4H,14,50,2.5,19,0.749,1.011,1.349,True,0.891,0.891,-0.0,19.02,-36.12,19,False
success,data/raw/fourhours/GBRIDXGBP240_comma.csv,4H,14,100,2.5,18,0.0,0.0,0.0,False,0.0,0.0,0.0,0.0,0.0,18,False
success,data/raw/fourhours/DEUIDXEUR240_comma.csv,4H,6,20,1.5,19,-0.412,-0.411,0.999,False,-0.38,-0.38,0.0,-8.72,-68.81,19,False
success,data/raw/onehours/GBPUSD60_comma.csv,1H,6,20,2.5,26,0.104,-0.087,-0.832,False,0.016,0.016,0.0,-0.27,-36.09,26,False
success,data/raw/fourhours/USA500IDXUSD240_comma.csv,4H,14,20,2.0,19,-0.014,0.142,-10.162,False,0.034,0.037,-0.003,-0.98,-57.07,19,False
success,data/raw/fourhours/GBRIDXGBP240_comma.csv,4H,6,20,2.5,18,0.124,0.421,3.397,True,0.364,0.367,-0.003,4.74,-27.86,18,False
success,data/raw/onehours/DEUIDXEUR60_comma.csv,1H,6,50,2.5,16,-0.184,-0.498,2.708,False,-0.446,-0.443,-0.003,-10.04,-65.63,16,False
success,data/raw/daily/GBRIDXGBP1440_comma.csv,1D,14,20,2.0,20,0.152,0.403,2.65,True,0.376,0.38,-0.005,4.72,-42.78,20,False
success,data/raw/fourhours/GBRIDXGBP240_comma.csv,4H,14,50,2.0,18,0.057,0.33,5.791,True,0.21,0.216,-0.006,2.13,-38.29,18,False
success,data/raw/daily/DEUIDXEUR1440_comma.csv,1D,6,200,2.5,23,0.452,0.672,1.487,True,0.578,0.586,-0.008,9.77,-39.96,23,False
success,data/raw/fourhours/USA500IDXUSD240_comma.csv,4H,14,50,2.0,19,-0.438,-0.495,1.13,False,-0.273,-0.264,-0.008,-6.32,-66.42,19,False
success,data/raw/daily/xauusd_1D_comma.csv,1D,14,100,2.0,36,-0.461,-0.6,1.302,False,-0.571,-0.56,-0.011,-10.63,-86.62,36,False
success,data/raw/daily/GBPUSD1440_comma.csv,1D,14,50,1.5,32,-0.169,-0.223,1.321,False,-0.236,-0.224,-0.012,-2.49,-32.84,32,False
success,data/raw/fourhours/USA500IDXUSD240_comma.csv,4H,6,20,1.5,19,-0.082,0.143,-1.742,False,-0.012,-0.001,-0.012,-1.82,-36.27,19,False
success,data/raw/fourhours/USA30IDXUSD240_comma.csv,4H,14,50,2.0,19,-0.232,-0.448,1.927,False,-0.291,-0.277,-0.014,-6.42,-53.13,19,False
success,data/raw/fourhours/GBRIDXGBP240_comma.csv,4H,6,20,2.0,18,-0.014,0.053,-3.792,False,0.129,0.143,-0.014,0.8,-35.0,18,False
success,data/raw/onehours/USA30IDXUSD60_comma.csv,1H,14,20,2.0,16,0.182,0.027,0.149,False,0.054,0.07,-0.016,-0.64,-46.6,16,False
success,data/raw/daily/DEUIDXEUR1440_comma.csv,1D,6,20,2.0,23,0.247,0.446,1.808,True,0.325,0.342,-0.017,4.55,-51.52,23,False
success,data/raw/daily/DEUIDXEUR1440_comma.csv,1D,14,200,2.0,23,0.655,0.528,0.807,True,0.412,0.429,-0.017,5.67,-27.4,23,False
success,data/raw/daily/xauusd_1D_comma.csv,1D,14,50,1.5,36,-0.411,-0.478,1.163,False,-0.486,-0.469,-0.017,-9.32,-82.71,36,False
success,data/raw/daily/GBRIDXGBP1440_comma.csv,1D,6,50,2.5,20,0.143,0.393,2.753,True,0.324,0.344,-0.02,3.75,-35.89,20,False
success,data/raw/fourhours/GBRIDXGBP240_comma.csv,4H,14,20,2.5,18,0.301,0.54,1.795,True,0.481,0.502,-0.021,6.48,-27.86,18,False
success,data/raw/daily/USATECHIDXUSD1440_comma.csv,1D,14,20,2.5,20,0.876,1.086,1.24,True,0.892,0.914,-0.022,18.86,-35.63,20,False
success,data/raw/fourhours/GBPUSD240_comma.csv,4H,14,50,1.5,27,-0.033,-0.11,3.352,False,-0.036,-0.012,-0.024,-0.74,-33.97,27,False
success,data/raw/fourhours/USATECHIDXUSD240_comma.csv,4H,6,20,2.5,19,0.387,0.545,1.407,True,0.539,0.57,-0.031,10.05,-41.66,19,False
success,data/raw/fourhours/GBRIDXGBP240_comma.csv,4H,14,20,2.0,18,-0.19,0.207,-1.088,False,0.088,0.12,-0.032,0.13,-48.59,18,False
success,data/raw/fourhours/GBPUSD240_comma.csv,4H,14,50,2.5,27,-0.04,0.09,-2.263,False,0.032,0.064,-0.032,-0.03,-26.93,27,False
success,data/raw/daily/GBPUSD1440_comma.csv,1D,6,20,2.0,32,-0.014,0.031,-2.133,False,-0.045,-0.012,-0.034,-0.8,-25.91,32,False
success,data/raw/fourhours/USA30IDXUSD240_comma.csv,4H,6,50,2.0,19,-0.25,-0.077,0.307,False,-0.095,-0.06,-0.035,-3.15,-54.3,19,False
success,data/raw/daily/GBRIDXGBP1440_comma.csv,1D,14,50,1.5,20,0.554,0.297,0.536,True,0.299,0.339,-0.04,3.46,-29.02,20,False
success,data/raw/daily/DEUIDXEUR1440_comma.csv,1D,6,100,2.5,23,0.374,0.585,1.562,True,0.49,0.53,-0.04,7.34,-39.96,23,False
success,data/raw/onehours/GBPUSD60_comma.csv,1H,14,200,2.5,26,-0.069,0.078,-1.136,False,0.021,0.061,-0.04,-0.23,-42.48,26,False
success,data/raw/daily/DEUIDXEUR1440_comma.csv,1D,14,20,2.5,23,0.073,0.428,5.868,True,0.265,0.31,-0.045,2.65,-41.21,23,False
success,data/raw/daily/GBRIDXGBP1440_comma.csv,1D,14,100,2.0,20,0.692,0.845,1.221,True,0.679,0.725,-0.046,6.15,-13.28,20,False
success,data/raw/fourhours/USA30IDXUSD240_comma.csv,4H,14,50,1.5,19,0.16,0.322,2.013,True,0.25,0.296,-0.046,2.92,-37.94,19,False
success,data/raw/onehours/USA30IDXUSD60_comma.csv,1H,14,50,2.5,16,0.045,-0.086,-1.904,False,0.02,0.071,-0.052,-1.28,-49.53,16,False
success,data/raw/onehours/GBRIDXGBP60_comma.csv,1H,6,50,2.5,16,-0.112,-0.077,0.691,False,-0.091,-0.037,-0.054,-2.76,-46.13,16,False
success,data/raw/fourhours/GBPUSD240_comma.csv,4H,6,50,2.0,27,-0.514,-0.476,0.926,False,-0.509,-0.454,-0.055,-4.94,-49.3,27,False
success,data/raw/onehours/DEUIDXEUR60_comma.csv,1H,6,20,2.0,16,-0.128,-0.319,2.483,False,-0.332,-0.277,-0.056,-8.01,-58.7,16,False
success,data/raw/daily/GBRIDXGBP1440_comma.csv,1D,14,20,2.5,20,0.114,0.444,3.898,True,0.292,0.349,-0.057,3.2,-34.98,20,False
success,data/raw/fourhours/USA30IDXUSD240_comma.csv,4H,14,50,2.5,19,0.013,0.314,24.003,True,0.298,0.363,-0.064,3.78,-46.07,19,False
success,data/raw/fourhours/USA500IDXUSD240_comma.csv,4H,14,100,1.5,19,0.255,0.381,1.494,True,0.168,0.231,-0.064,1.43,-37.56,19,False
success,data/raw/daily/GBPUSD1440_comma.csv,1D,14,20,2.0,32,-0.192,-0.182,0.948,False,-0.212,-0.146,-0.066,-2.27,-41.43,32,False
success,data/raw/fourhours/USA30IDXUSD240_comma.csv,4H,14,100,2.0,19,0.275,0.397,1.442,True,0.296,0.362,-0.066,3.76,-37.94,19,False
success,data/raw/fourhours/USA30IDXUSD240_comma.csv,4H,14,100,2.5,19,0.385,0.694,1.801,True,0.451,0.52,-0.069,6.18,-37.94,19,False
success,data/raw/fourhours/USATECHIDXUSD240_comma.csv,4H,6,100,2.5,19,0.833,0.854,1.026,True,0.73,0.799,-0.069,14.84,-36.12,19,False
success,data/raw/fourhours/USATECHIDXUSD240_comma.csv,4H,14,50,2.0,19,-0.646,-0.776,1.2,False,-0.72,-0.647,-0.073,-16.87,-85.6,19,False
success,data/raw/fourhours/GBPUSD240_comma.csv,4H,14,20,2.5,27,-0.274,-0.365,1.328,False,-0.3,-0.218,-0.082,-3.11,-42.31,27,False
success,data/raw/onehours/GBPUSD60_comma.csv,1H,14,20,2.5,26,0.204,0.026,0.129,False,0.138,0.221,-0.083,0.85,-23.6,26,False
success,data/raw/onehours/GBPUSD60_comma.csv,1H,6,100,2.5,26,-0.185,-0.157,0.852,False,-0.062,0.026,-0.088,-0.98,-42.73,26,False
success,data/raw/onehours/DEUIDXEUR60_comma.csv,1H,14,20,2.5,16,-0.173,-0.432,2.496,False,-0.339,-0.249,-0.09,-8.14,-68.0,16,False
success,data/raw/daily/GBPUSD1440_comma.csv,1D,14,20,1.5,32,-0.06,-0.065,1.077,False,-0.062,0.034,-0.095,-0.95,-30.34,32,False
success,data/raw/fourhours/USA30IDXUSD240_comma.csv,4H,14,20,2.5,19,0.058,0.185,3.208,True,0.092,0.189,-0.097,0.09,-50.52,19,False
success,data/raw/fourhours/USA500IDXUSD240_comma.csv,4H,6,20,2.5,19,-0.06,0.339,-5.625,False,0.148,0.245,-0.097,1.08,-47.47,19,False
success,data/raw/fourhours/USA500IDXUSD240_comma.csv,4H,14,20,2.5,19,0.11,0.339,3.088,True,0.148,0.245,-0.097,1.08,-47.47,19,False
success,data/raw/fourhours/DEUIDXEUR240_comma.csv,4H,6,20,2.5,19,0.112,0.409,3.638,True,0.352,0.452,-0.099,5.09,-43.26,19,False
success,data/raw/onehours/GBPUSD60_comma.csv,1H,14,100,2.5,26,0.163,0.012,0.076,False,0.083,0.184,-0.101,0.35,-23.3,26,False
success,data/raw/onehours/USATECHIDXUSD60_comma.csv,1H,14,200,2.5,16,0.092,0.255,2.78,True,0.071,0.174,-0.103,-0.95,-74.13,16,False
success,data/raw/onehours/USA500IDXUSD60_comma.csv,1H,6,20,2.0,16,-0.208,-0.424,2.033,False,-0.376,-0.263,-0.112,-8.56,-61.87,16,False
success,data/raw/fourhours/GBPUSD240_comma.csv,4H,6,20,2.5,27,-0.252,-0.34,1.349,False,-0.278,-0.161,-0.116,-2.91,-40.05,27,False
success,data/raw/onehours/USATECHIDXUSD60_comma.csv,1H,6,100,2.5,16,0.746,0.899,1.205,True,0.795,0.913,-0.118,17.29,-31.54,16,False
success,data/raw/fourhours/USA30IDXUSD240_comma.csv,4H,6,20,2.0,19,0.24,0.426,1.774,True,0.404,0.525,-0.121,5.74,-31.07,19,False
success,data/raw/onehours/GBRIDXGBP60_comma.csv,1H,14,200,2.5,16,0.155,-0.011,-0.071,False,-0.085,0.036,-0.121,-2.66,-38.49,16,False
success,data/raw/fourhours/USATECHIDXUSD240_comma.csv,4H,14,20,2.5,19,-0.179,0.071,-0.398,False,-0.022,0.1,-0.123,-2.9,-72.05,19,False
success,data/raw/fourhours/DEUIDXEUR240_comma.csv,4H,14,100,2.0,19,0.315,0.612,1.944,True,0.398,0.524,-0.126,5.56,-41.94,19,False
success,data/raw/daily/DEUIDXEUR1440_comma.csv,1D,14,20,1.5,23,0.146,0.264,1.814,True,0.22,0.348,-0.127,2.45,-47.16,23,False
success,data/raw/onehours/USA500IDXUSD60_comma.csv,1H,14,20,1.5,16,-0.381,-0.429,1.126,False,-0.4,-0.264,-0.136,-8.98,-63.32,16,False
success,data/raw/daily/USATECHIDXUSD1440_comma.csv,1D,14,20,1.5,20,0.668,0.726,1.087,True,0.692,0.834,-0.142,13.8,-35.52,20,False
success,data/raw/onehours/USA500IDXUSD60_comma.csv,1H,14,100,2.0,16,-0.109,-0.21,1.929,False,-0.21,-0.06,-0.15,-5.6,-58.66,16,False
success,data/raw/fourhours/USATECHIDXUSD240_comma.csv,4H,6,50,2.0,19,0.65,0.802,1.233,True,0.745,0.896,-0.151,15.23,-29.22,19,False
success,data/raw/daily/DEUIDXEUR1440_comma.csv,1D,6,50,2.5,23,0.386,0.742,1.923,True,0.421,0.585,-0.163,4.37,-26.79,23,False
success,data/raw/fourhours/DEUIDXEUR240_comma.csv,4H,14,20,2.0,19,0.098,0.26,2.656,True,0.19,0.357,-0.168,1.85,-46.35,19,False
success,data/raw/daily/GBRIDXGBP1440_comma.csv,1D,6,20,1.5,20,0.01,0.404,40.332,True,0.22,0.396,-0.175,2.21,-40.11,20,False
success,data/raw/fourhours/DEUIDXEUR240_comma.csv,4H,6,50,2.0,19,-0.187,-0.017,0.093,False,-0.115,0.063,-0.178,-3.95,-59.13,19,False
success,data/raw/fourhours/USA30IDXUSD240_comma.csv,4H,6,20,2.5,19,0.141,0.4,2.839,True,0.327,0.507,-0.181,4.31,-35.92,19,False
success,data/raw/fourhours/GBPUSD240_comma.csv,4H,14,50,2.0,27,-0.602,-0.58,0.962,False,-0.552,-0.368,-0.184,-5.19,-49.74,27,False
success,data/raw/onehours/GBRIDXGBP60_comma.csv,1H,14,50,2.5,16,0.255,0.459,1.799,True,0.3,0.485,-0.185,3.69,-43.48,16,False
success,data/raw/daily/xauusd_1D_comma.csv,1D,14,20,1.5,36,-0.166,-0.239,1.443,False,-0.163,0.028,-0.191,-4.16,-78.85,36,False
success,data/raw/onehours/GBPUSD60_comma.csv,1H,14,50,2.5,26,-0.118,-0.203,1.722,False,-0.156,0.035,-0.191,-1.83,-31.51,26,False
success,data/raw/fourhours/USA500IDXUSD240_comma.csv,4H,14,50,1.5,19,-0.035,-0.008,0.24,False,-0.043,0.149,-0.192,-2.36,-38.84,19,False
success,data/raw/onehours/DEUIDXEUR60_comma.csv,1H,6,200,2.5,16,0.184,-0.019,-0.102,False,-0.071,0.131,-0.202,-3.18,-50.63,16,False
success,data/raw/onehours/GBPUSD60_comma.csv,1H,6,50,2.5,26,-0.069,-0.146,2.109,False,-0.062,0.141,-0.203,-0.98,-38.38,26,False
success,data/raw/onehours/USA500IDXUSD60_comma.csv,1H,6,100,2.0,16,0.423,0.325,0.768,True,0.242,0.456,-0.214,2.92,-49.96,16,False
success,data/raw/fourhours/USATECHIDXUSD240_comma.csv,4H,14,100,2.5,19,0.207,0.435,2.099,True,0.199,0.414,-0.216,1.92,-36.12,19,False
success,data/raw/fourhours/DEUIDXEUR240_comma.csv,4H,14,20,1.5,19,-0.488,-0.407,0.833,False,-0.407,-0.188,-0.219,-9.21,-69.35,19,False
success,data/raw/onehours/USA30IDXUSD60_comma.csv,1H,14,100,2.0,16,0.05,-0.202,-4.011,False,-0.065,0.161,-0.226,-2.8,-60.89,16,False
success,data/raw/fourhours/GBRIDXGBP240_comma.csv,4H,14,20,1.5,18,-0.159,-0.042,0.263,False,0.057,0.288,-0.231,-0.38,-37.76,18,False
success,data/raw/onehours/DEUIDXEUR60_comma.csv,1H,14,20,2.0,16,0.299,0.377,1.259,True,0.291,0.526,-0.236,3.94,-46.35,16,False
success,data/raw/fourhours/USATECHIDXUSD240_comma.csv,4H,14,20,1.5,19,0.172,0.267,1.553,True,0.268,0.506,-0.239,3.57,-42.14,19,False
success,data/raw/daily/GBRIDXGBP1440_comma.csv,1D,14,50,2.0,20,0.238,0.668,2.803,True,0.474,0.737,-0.264,3.52,-13.28,20,False
success,data/raw/onehours/USATECHIDXUSD60_comma.csv,1H,6,20,2.5,16,0.395,0.175,0.443,False,0.23,0.494,-0.265,2.77,-56.42,16,False
success,data/raw/onehours/USA500IDXUSD60_comma.csv,1H,14,200,2.0,16,0.159,0.092,0.578,True,-0.037,0.238,-0.275,-2.45,-41.02,16,False
success,data/raw/fourhours/USA30IDXUSD240_comma.csv,4H,14,20,1.5,19,0.091,0.31,3.392,True,0.215,0.514,-0.3,2.28,-25.56,19,False
success,data/raw/fourhours/GBRIDXGBP240_comma.csv,4H,14,50,2.5,18,0.094,0.639,6.788,True,0.402,0.716,-0.314,2.47,-14.39,18,False
success,data/raw/onehours/USA500IDXUSD60_comma.csv,1H,6,100,2.5,16,0.094,0.052,0.55,True,-0.072,0.249,-0.32,-3.09,-47.68,16,False
success,data/raw/onehours/USA30IDXUSD60_comma.csv,1H,6,20,2.5,16,-0.038,-0.094,2.46,False,-0.058,0.268,-0.326,-2.68,-52.19,16,False
success,data/raw/fourhours/USA30IDXUSD240_comma.csv,4H,14,20,2.0,19,0.303,0.423,1.395,True,0.382,0.723,-0.341,5.34,-28.28,19,False
success,data/raw/daily/GBRIDXGBP1440_comma.csv,1D,14,20,1.5,20,-0.192,0.2,-1.042,False,-0.055,0.35,-0.405,-2.0,-48.75,20,False
success,data/raw/onehours/USA30IDXUSD60_comma.csv,1H,6,100,2.5,16,0.497,0.445,0.895,True,0.315,0.73,-0.415,4.27,-47.4,16,False
success,data/raw/onehours/USA500IDXUSD60_comma.csv,1H,14,20,2.0,16,-0.365,-0.469,1.284,False,-0.534,-0.105,-0.429,-11.28,-68.4,16,False
success,data/raw/onehours/USA30IDXUSD60_comma.csv,1H,14,50,2.0,16,0.016,-0.026,-1.603,False,0.022,0.458,-0.436,-1.23,-51.57,16,False
success,data/raw/onehours/USA500IDXUSD60_comma.csv,1H,14,20,2.5,16,0.065,-0.008,-0.129,False,-0.004,0.456,-0.459,-1.81,-45.73,16,False
success,data/raw/fourhours/DEUIDXEUR240_comma.csv,4H,14,200,2.5,19,1.115,1.321,1.185,True,0.721,1.192,-0.471,5.39,-17.22,19,False
success,data/raw/fourhours/DEUIDXEUR240_comma.csv,4H,14,100,2.5,19,0.796,1.072,1.347,True,0.627,1.167,-0.54,4.5,-17.22,19,False
success,data/raw/onehours/USATECHIDXUSD60_comma.csv,1H,14,20,1.5,16,-0.618,-0.351,0.568,False,-0.479,0.074,-0.552,-12.91,-80.6,16,False
success,data/raw/onehours/USA500IDXUSD60_comma.csv,1H,6,200,2.5,16,0.23,0.208,0.905,True,0.097,0.675,-0.577,0.11,-43.14,16,False
success,data/raw/fourhours/USA500IDXUSD240_comma.csv,4H,14,20,1.5,19,0.225,0.516,2.289,True,0.379,0.969,-0.59,5.38,-33.47,19,False
success,data/raw/onehours/USA30IDXUSD60_comma.csv,1H,14,20,2.5,16,0.07,0.146,2.079,True,0.112,0.702,-0.59,0.42,-42.52,16,False
success,data/raw/onehours/USA500IDXUSD60_comma.csv,1H,6,20,2.5,16,-0.287,-0.44,1.53,False,-0.394,0.269,-0.663,-8.9,-62.22,16,False
success,data/raw/onehours/USATECHIDXUSD60_comma.csv,1H,14,20,2.5,16,0.136,-0.057,-0.418,False,-0.011,0.895,-0.906,-2.85,-63.17,16,False
success,data/raw/onehours/USATECHIDXUSD60_comma.csv,1H,14,20,2.0,16,-0.023,-0.425,18.464,False,-0.405,0.665,-1.069,-11.37,-79.45,16,False
